{
  "topLeft": ["13473260.9590737","3687046.38894347"],
  "center": ["13520804.7906671","3660369.86607194"],
  "bottomRight": ["13568348.6222605","3633540.46914384"],
  "resolution": "77",
  "zoom": "11",
  "width": 1244,
  "height": 700,
  "opacity": 0.7,
  "radius": 70,
  "blur": 70,
  "station": 4,
  "line": 10,
  "entry": true
}