{
  "topLeft": ["-34909.62430219042", "6723920.529755155"],
  "center": ["-11137.70850550061", "6710544.04980525"],
  "bottomRight": ["12634.20729118921", "6697167.569855343"],
  "resolution": "77",
  "zoom": "11",
  "width": 1244,
  "height": 700,
  "opacity": 0.7,
  "radius": 70,
  "blur": 70,
  "station": 1,
  "entry": true
}