{
  "topLeft": [ "-1947695.1978267", "8076058.75517446" ],
  "center": [ "-423846.60193343", "7215072.06857024" ],
  "bottomRight": [ "1095110.02414959", "6363869.32158652" ],
  "resolution": "2445.98490512564",
  "zoom": "6",
  "width": 1244,
  "height": 700,
  "opacity": 0.95,
  "radius": 100,
  "blur": 30,
  "station": 1,
  "dataserie": "entries",
  "file": "sharing",
  "waitMilliseconds": 2000,
  "startingTime": 0
}